City_ID,City,Lat,Lng,Max Temp,Humidity,Cloudiness,Wind Speed,Country,Date
0,leningradskiy,69.3833,178.4167,-30.45,100,100,1.37,RU,1675430378
1,brownsville,25.9018,-97.4975,6.97,89,100,4.63,US,1675430378
2,geraldton,-28.7667,114.6,27.23,65,100,3.6,AU,1675430379
3,luderitz,-26.6481,15.1594,23.5,58,85,10.42,NA,1675430379
4,ust-tsilma,65.441,52.1498,-12.72,100,94,0.8,RU,1675430379
5,peniche,39.3558,-9.3811,17.47,52,0,1.44,PT,1675430120
6,albany,42.6001,-73.9662,-11.08,52,7,1.79,US,1675430238
7,punta arenas,-53.15,-70.9167,19.06,52,40,10.8,CL,1675430380
8,porto novo,6.4965,2.6036,31.9,45,81,4.47,BJ,1675430381
9,atuona,-9.8,-139.0333,25.74,77,24,8.34,PF,1675430381
10,jamestown,42.097,-79.2353,-12.21,88,100,5.14,US,1675430381
11,mataura,-46.1927,168.8643,16.37,98,100,1.38,NZ,1675430382
12,busselton,-33.65,115.3333,24.03,41,96,4.52,AU,1675430382
13,hermanus,-34.4187,19.2345,28.78,57,0,8.41,ZA,1675430383
14,mogadishu,2.0371,45.3438,26.75,69,35,9.74,SO,1675430383
15,mount gambier,-37.8333,140.7667,12.98,66,87,4.52,AU,1675430384
16,vaini,-21.2,-175.2,26.09,89,75,4.12,TO,1675430384
17,butaritari,3.0707,172.7902,27.03,79,15,7.98,KI,1675430385
18,carnarvon,-24.8667,113.6333,27.39,69,3,3.82,AU,1675430385
19,srednekolymsk,67.45,153.6833,-29.4,100,100,0.85,RU,1675430385
20,airai,-8.9266,125.4092,15.62,97,100,1.27,TL,1675430386
21,berlevag,70.8578,29.0864,-1.03,59,40,6.17,NO,1675430386
22,vanersborg,58.3807,12.3234,0.88,80,75,7.2,SE,1675430387
23,palana,59.1167,159.9667,-22.23,89,2,2.22,RU,1675430387
24,chuy,-33.6971,-53.4616,21.84,87,82,6.54,UY,1675430388
25,rikitea,-23.1203,-134.9692,25.51,70,47,3.9,PF,1675430222
26,katsuura,35.1333,140.3,6.0,92,100,5.08,JP,1675430388
27,teya,60.3778,92.6267,-17.35,100,100,1.29,RU,1675430389
28,acapulco,16.8634,-99.8901,22.9,73,0,3.09,MX,1675430169
29,broome,42.2506,-75.833,-11.28,75,100,7.2,US,1675430390
30,barrow,71.2906,-156.7887,-24.99,77,20,8.75,US,1675430387
31,khatanga,71.9667,102.5,-37.39,100,46,1.42,RU,1675430391
32,port alfred,-33.5906,26.891,24.54,81,93,0.89,ZA,1675430391
33,salina,38.8403,-97.6114,-12.93,78,0,2.06,US,1675430146
34,tinaquillo,9.9186,-68.3047,24.04,60,12,0.71,VE,1675430392
35,nara,34.6851,135.8049,2.62,55,4,0.19,JP,1675430392
36,miracema do tocantins,-9.5618,-48.3967,27.75,75,23,1.79,BR,1675430393
37,kashi,39.4547,75.9797,-0.44,59,20,2.0,CN,1675430393
38,tubuala,9.5167,-79.0333,25.94,75,41,6.37,PA,1675430393
39,englewood,39.6478,-104.9878,1.47,39,0,4.12,US,1675430394
40,kodiak,57.79,-152.4072,0.73,86,100,0.0,US,1675430394
41,port hardy,50.6996,-127.4199,7.1,81,100,9.26,CA,1675430136
42,san quintin,30.4833,-115.95,14.18,53,100,2.42,MX,1675430395
43,san jeronimo,-11.9472,-75.2829,11.75,74,99,0.68,PE,1675430395
44,kaitangata,-46.2817,169.8464,16.0,98,75,1.05,NZ,1675430396
45,genhe,50.7833,121.5167,-30.55,100,99,0.99,CN,1675430396
46,mar del plata,-38.0023,-57.5575,23.86,66,40,7.2,AR,1675430327
47,mersin,36.862,34.6509,11.26,36,100,1.49,TR,1675430193
48,puerto ayora,-0.7393,-90.3518,24.19,93,68,0.45,EC,1675430218
49,san policarpo,12.1791,125.5072,26.25,84,75,7.58,PH,1675430397
50,caranavi,-15.8167,-67.55,18.09,97,100,0.26,BO,1675430397
51,bethel,41.3712,-73.414,-4.43,48,40,6.69,US,1675430387
52,port elizabeth,-33.918,25.5701,27.28,57,75,5.14,ZA,1675430398
53,quatre cocos,-20.2078,57.7625,28.06,76,29,5.77,MU,1675430398
54,hualmay,-11.0964,-77.6139,22.14,84,100,3.03,PE,1675430399
55,narsaq,60.9167,-46.05,-12.88,86,95,1.79,GL,1675430399
56,ushuaia,-54.8,-68.3,16.81,51,75,5.14,AR,1675430400
57,kerouane,9.2667,-9.0167,35.13,9,5,1.92,GN,1675430400
58,dingle,10.9995,122.6711,23.77,91,6,3.47,PH,1675430401
59,esso,55.9333,158.7,-20.55,98,100,1.62,RU,1675430401
60,iqaluit,63.7506,-68.5145,-36.15,61,75,7.2,CA,1675430402
61,dikson,73.5069,80.5464,-15.25,96,100,0.68,RU,1675430404
62,beloha,-25.1667,45.05,28.06,61,100,6.51,MG,1675430407
63,ribeira grande,38.5167,-28.7,17.22,82,20,7.6,PT,1675430411
64,yuryevets,57.3201,43.1041,-3.17,96,100,4.04,RU,1675430414
65,east london,-33.0153,27.9116,25.52,73,40,3.6,ZA,1675430415
66,hobart,-42.8794,147.3294,15.92,56,100,7.2,AU,1675430418
67,cherskiy,68.75,161.3,-22.86,100,100,0.64,RU,1675430424
68,qaanaaq,77.484,-69.3632,-20.18,62,84,3.62,GL,1675430426
69,tiksi,71.6872,128.8694,-37.22,99,82,1.43,RU,1675430428
70,shumikha,55.2261,63.2961,-16.61,90,52,2.35,RU,1675430429
71,umm kaddadah,13.6017,26.6876,28.36,9,91,7.24,SD,1675430429
72,le vauclin,14.5452,-60.8388,26.58,83,75,3.6,MQ,1675430430
73,severouralsk,60.1533,59.952,-9.27,96,95,1.15,RU,1675430430
74,remanso,-9.6179,-42.0831,29.16,54,19,5.28,BR,1675430432
75,saskylakh,71.9167,114.0833,-29.98,100,97,1.49,RU,1675430432
76,bredasdorp,-34.5322,20.0403,25.35,46,0,6.11,ZA,1675430433
77,along,28.1667,94.7667,16.37,47,5,0.53,IN,1675430433
78,paicandu,-23.4575,-52.0486,22.37,94,100,5.14,BR,1675430434
79,kamenka,51.3223,42.7678,-3.43,95,9,2.75,RU,1675430434
80,jamame,0.0722,42.7506,29.92,57,9,7.53,SO,1675430435
81,caravelas,-17.7125,-39.2481,30.31,51,1,3.3,BR,1675430436
82,maiduguri,11.8464,13.1603,34.72,11,46,6.18,NG,1675430436
83,hilo,19.7297,-155.09,22.93,90,100,0.89,US,1675430436
84,nouakchott,18.0858,-15.9785,26.96,24,100,3.87,MR,1675430437
85,sao filipe,14.8961,-24.4956,22.1,69,39,5.26,CV,1675430437
86,clyde river,70.4692,-68.5914,-29.87,63,75,5.14,CA,1675430438
87,leninskoye,41.7589,69.3864,3.46,96,100,1.54,KZ,1675430438
88,grindavik,63.8424,-22.4338,4.26,93,100,19.03,IS,1675430439
89,yellowknife,62.456,-114.3525,-24.71,77,75,3.09,CA,1675430439
90,snasa,64.2457,12.3778,-4.33,91,6,2.74,NO,1675430439
91,nyurba,63.2842,118.3319,-26.62,100,100,0.77,RU,1675430440
92,camopi,3.1655,-52.3158,24.73,89,94,1.63,GF,1675430293
93,norman wells,65.282,-126.8329,-34.98,68,75,0.0,CA,1675430440
94,rio grande,-32.035,-52.0986,27.06,73,65,2.04,BR,1675430441
95,baruun-urt,46.6806,113.2792,-18.33,87,13,2.77,MN,1675430441
96,guerrero negro,27.9769,-114.0611,12.99,57,27,2.09,MX,1675430442
97,nushki,29.5542,66.0215,18.11,43,5,1.11,PK,1675430442
98,bluff,-46.6,168.3333,16.74,96,100,2.53,NZ,1675430442
99,matagalpa,12.9256,-85.9175,20.45,94,75,8.23,NI,1675430443
100,kruisfontein,-34.0033,24.7314,26.05,52,22,6.05,ZA,1675430443
101,selma,36.5708,-119.6121,9.43,93,0,0.0,US,1675430444
102,severo-kurilsk,50.6789,156.125,-2.97,77,100,6.57,RU,1675430444
103,linares,-35.85,-71.6,23.3,36,0,1.62,CL,1675430444
104,longyearbyen,78.2186,15.6401,-13.09,61,75,5.14,SJ,1675430445
105,coihaique,-45.5752,-72.0662,18.97,63,0,3.6,CL,1675430445
106,kapaa,22.0752,-159.319,22.18,93,75,2.06,US,1675430446
107,dogondoutchi,13.6393,4.0287,36.33,9,58,4.8,NE,1675430446
108,faya,18.3851,42.4509,19.06,45,14,4.61,SA,1675430447
109,chokurdakh,70.6333,147.9167,-36.98,100,86,1.46,RU,1675430447
110,pyay,18.8167,95.2167,28.78,32,9,2.63,MM,1675430447
111,avarua,-21.2078,-159.775,26.03,89,20,8.23,CK,1675430448
112,zheleznodorozhnyy,55.7503,38.0042,1.31,96,100,3.76,RU,1675430448
113,marawi,7.9986,124.2928,20.0,96,58,0.76,PH,1675430449
114,cabo san lucas,22.8909,-109.9124,16.95,60,0,5.14,MX,1675430449
115,hithadhoo,-0.6,73.0833,27.39,71,5,7.96,MV,1675430450
116,krasnyy chikoy,50.3643,108.7512,-18.56,99,100,1.14,RU,1675430450
117,okhotsk,59.3833,143.3,-24.54,88,25,4.48,RU,1675430451
118,ancud,-41.8697,-73.8203,17.16,70,0,1.82,CL,1675430298
119,kiama,-34.6833,150.8667,21.11,48,0,5.36,AU,1675430451
120,jalu,29.0331,21.5482,16.58,34,90,1.8,LY,1675430452
121,mahebourg,-20.4081,57.7,28.16,78,75,5.14,MU,1675430452
122,vagur,61.4732,-6.8119,3.86,96,100,8.97,FO,1675430452
123,port macquarie,-31.4333,152.9167,23.27,82,3,5.37,AU,1675430453
124,padilla,3.2204,-76.3139,20.76,74,99,0.3,CO,1675430453
125,nenjiang,49.1833,125.2167,-28.11,98,71,1.0,CN,1675430454
126,eldama ravine,0.0516,35.7308,26.49,11,43,5.03,KE,1675430454
127,dombas,62.0696,9.1235,-10.25,95,57,1.24,NO,1675430455
128,grand gaube,-20.0064,57.6608,28.22,76,13,2.24,MU,1675430455
129,nikolskoye,59.7035,30.7861,-2.9,94,100,2.58,RU,1675430456
130,bongor,10.2806,15.3722,37.51,9,50,3.57,TD,1675430456
131,ilulissat,69.2167,-51.1,-11.99,67,75,4.12,GL,1675430456
132,wattegama,6.7989,81.4808,23.34,95,35,2.19,LK,1675430457
133,vardo,70.3705,31.1107,-2.01,59,20,8.75,NO,1675430457
134,colares,38.7992,-9.4469,18.65,46,0,4.02,PT,1675430458
135,iaciara,-14.0958,-46.6317,28.42,57,15,1.37,BR,1675430458
136,nome,64.5011,-165.4064,-25.96,84,0,0.0,US,1675430458
137,bengkulu,-3.8004,102.2655,26.11,84,77,3.19,ID,1675430459
138,riyadh,24.6877,46.7219,17.08,33,0,4.33,SA,1675430056
139,guane,22.2025,-84.0875,21.15,82,0,1.35,CU,1675430459
140,antofagasta,-23.65,-70.4,21.6,74,8,1.26,CL,1675430460
141,canyon,34.9803,-101.9188,1.49,67,0,3.75,US,1675430460
142,pevek,69.7008,170.3133,-29.7,100,29,1.05,RU,1675430461
143,shevchenkove,49.6959,37.1735,1.69,85,96,4.16,UA,1675430461
144,san carlos de bariloche,-41.1456,-71.3082,20.86,35,0,1.54,AR,1675430461
145,maksi,23.2667,76.15,20.49,23,5,2.49,IN,1675430465
146,cabedelo,-6.9811,-34.8339,31.37,59,63,5.69,BR,1675430466
147,qaqortoq,60.7167,-46.0333,-15.14,84,100,0.69,GL,1675430468
148,kahului,20.8947,-156.47,22.69,94,0,2.57,US,1675430470
149,cap malheureux,-19.9842,57.6142,27.48,76,17,2.24,MU,1675430471
150,pindi bhattian,31.8978,73.273,20.31,27,100,1.65,PK,1675430473
151,port-gentil,-0.7193,8.7815,30.98,70,40,4.12,GA,1675430474
152,saint-joseph,-21.3667,55.6167,27.21,85,73,6.76,RE,1675430475
153,coquimbo,-29.9533,-71.3436,17.85,82,75,2.06,CL,1675430272
154,gunjur,13.2019,-16.7339,32.04,18,0,3.6,GM,1675430478
155,muisne,0.6,-80.0333,24.36,90,100,3.27,EC,1675430190
156,lompoc,34.6391,-120.4579,13.29,65,20,4.12,US,1675430449
157,cape town,-33.9258,18.4232,25.61,53,0,10.29,ZA,1675430238
158,mago,53.2514,140.1822,-32.35,100,71,0.76,RU,1675430485
159,novoagansk,61.9449,76.6625,-9.19,97,99,2.65,RU,1675430487
160,moose factory,51.2585,-80.6094,-36.0,68,75,4.12,CA,1675430488
161,samarai,-10.6167,150.6667,27.89,80,100,2.63,PG,1675430490
162,vila velha,-20.3297,-40.2925,30.97,68,40,5.66,BR,1675430491
163,muscatine,41.4667,-91.1335,-17.73,65,20,5.66,US,1675430492
164,namibe,-15.1961,12.1522,25.52,67,35,5.17,AO,1675430492
165,zyryanka,65.75,150.85,-33.24,99,99,2.19,RU,1675430492
166,kilindoni,-7.9139,39.6668,28.69,71,41,2.81,TZ,1675430493
167,jerome,42.7241,-114.5186,-5.54,68,0,10.8,US,1675430493
168,zverinogolovskoye,54.4586,64.8542,-16.79,90,100,0.91,RU,1675430494
169,menongue,-14.6585,17.691,23.52,70,96,2.48,AO,1675430494
170,guatire,10.4762,-66.5427,25.94,73,10,1.7,VE,1675430495
171,namatanai,-3.6667,152.4333,27.19,77,100,2.92,PG,1675430496
172,nago,26.5881,127.9761,16.24,72,93,4.72,JP,1675430497
173,vestmannaeyjar,63.4427,-20.2734,3.55,93,100,20.58,IS,1675430497
174,kalmunai,7.4167,81.8167,25.71,82,11,2.9,LK,1675430498
175,yar-sale,66.8333,70.8333,-15.87,100,99,2.23,RU,1675430498
176,whyalla,-33.0333,137.5833,18.09,52,90,9.55,AU,1675430441
177,tuatapere,-46.1333,167.6833,17.81,96,82,1.77,NZ,1675430499
178,hobyo,5.3505,48.5268,26.42,59,0,8.81,SO,1675430499
179,castro,-24.7911,-50.0119,19.48,90,99,3.84,BR,1675430500
180,faanui,-16.4833,-151.75,27.59,75,7,7.42,PF,1675430500
181,arraial do cabo,-22.9661,-42.0278,30.98,62,0,4.12,BR,1675430501
182,saint-leu,-21.15,55.2833,27.48,80,43,3.51,RE,1675430501
183,kavieng,-2.5744,150.7967,28.05,76,100,4.04,PG,1675430501
184,keflavik,64.0049,-22.5624,4.24,93,100,19.03,IS,1675430502
185,japura,-0.3167,102.35,24.79,89,59,1.75,ID,1675430502
186,thompson,55.7435,-97.8558,-33.91,68,75,1.54,CA,1675430503
187,boguchany,58.3814,97.4531,-18.85,100,84,1.04,RU,1675430503
188,dharchula,29.85,80.5333,13.42,34,0,2.61,IN,1675430504
189,seoul,37.5683,126.9778,-3.31,68,0,2.06,KR,1675430504
190,doka,13.5167,35.7667,33.2,18,98,5.8,SD,1675430504
191,terrace bay,48.7834,-87.1,-28.62,98,20,5.22,CA,1675430505
192,saint-philippe,-21.3585,55.7679,27.77,89,68,6.44,RE,1675430505
193,fortuna,40.5982,-124.1573,8.19,93,100,9.26,US,1675430190
194,durazno,-33.4131,-56.5006,23.97,73,75,5.66,UY,1675430506
195,albanel,48.8832,-72.4487,-30.92,51,100,8.23,CA,1675430506
196,upernavik,72.7868,-56.1549,-23.56,97,100,3.33,GL,1675430507
197,gohana,29.1333,76.7,16.75,44,0,1.78,IN,1675430507
198,mubende,0.5606,31.39,32.96,15,99,2.98,UG,1675430507
199,mindelo,16.8901,-24.9804,23.75,60,75,12.35,CV,1675430508
200,rocha,-34.4833,-54.3333,23.11,72,72,4.41,UY,1675430508
201,puerto cabezas,14.0351,-83.3888,22.98,94,75,3.09,NI,1675430509
202,ullapool,57.8987,-5.1604,7.42,88,100,3.13,GB,1675430509
203,hluti,-27.2167,31.6167,26.94,67,59,2.28,SZ,1675430510
204,khasan,42.4308,130.6434,-7.75,83,39,0.64,RU,1675430510
205,nanortalik,60.1432,-45.2371,-9.99,81,95,7.11,GL,1675430510
206,georgetown,5.4112,100.3354,24.97,94,20,1.03,MY,1675429705
207,brae,60.3964,-1.353,6.72,60,100,5.48,GB,1675430511
208,yarim,14.298,44.3779,18.86,35,100,0.55,YE,1675430511
209,gat,31.61,34.7642,13.55,100,100,3.11,IL,1675430341
210,tura,25.5198,90.2201,17.48,49,0,0.9,IN,1675430512
211,pacific grove,36.6177,-121.9166,14.12,55,75,2.57,US,1675430512
212,ananindeua,-1.3656,-48.3722,27.95,78,40,5.14,BR,1675430513
213,fairbanks,64.8378,-147.7164,-14.02,82,100,0.0,US,1675430271
214,cururupu,-1.8283,-44.8683,28.26,71,65,2.53,BR,1675430513
215,nemuro,43.3236,145.575,-8.11,76,88,2.27,JP,1675430514
216,kununurra,-15.7667,128.7333,27.99,78,80,3.6,AU,1675430478
217,nivala,63.9167,24.9667,-8.51,95,70,2.19,FI,1675430514
218,thaba-tseka,-29.522,28.6084,21.38,40,46,5.94,LS,1675430515
219,kenai,60.5544,-151.2583,-2.7,97,100,0.0,US,1675430414
220,cidreira,-30.1811,-50.2056,23.82,88,100,2.38,BR,1675430515
221,port blair,11.6667,92.75,28.02,78,40,2.57,IN,1675430516
222,dwarka,22.2394,68.9678,23.82,35,3,3.32,IN,1675430516
223,tuktoyaktuk,69.4541,-133.0374,-34.74,96,70,2.85,CA,1675430299
224,tasiilaq,65.6145,-37.6368,-4.91,72,100,18.86,GL,1675430517
225,sao joao da barra,-21.6403,-41.0511,31.05,77,61,4.94,BR,1675430517
226,malakal,9.5334,31.6605,34.85,10,84,4.3,SS,1675430517
227,new norfolk,-42.7826,147.0587,15.72,54,100,2.24,AU,1675430518
228,vanavara,60.34,102.2797,-15.12,97,98,2.75,RU,1675430518
229,quchan,37.106,58.5095,4.97,57,18,3.53,IR,1675430519
230,fukue,32.6881,128.8419,8.7,58,97,7.12,JP,1675430519
231,antalaha,-14.9003,50.2788,28.46,74,48,5.55,MG,1675430315
232,walvis bay,-22.9575,14.5053,20.61,72,49,4.65,NA,1675430520
233,siedlce,52.1677,22.2901,0.52,67,100,5.28,PL,1675430520
234,tabuk,17.4189,121.4443,21.71,92,56,1.78,PH,1675430521
235,urumqi,43.801,87.6005,-12.47,85,100,1.0,CN,1675430521
236,olavarria,-36.8927,-60.3225,22.29,60,0,3.75,AR,1675430523
237,noumea,-22.2763,166.4572,26.99,86,81,3.64,NC,1675429996
238,provideniya,64.3833,-173.3,-20.58,91,34,5.36,RU,1675430269
239,jacareacanga,-6.2222,-57.7528,27.35,72,85,2.06,BR,1675430371
240,soyo,-6.1349,12.3689,29.9,73,60,6.06,AO,1675430527
241,chokwe,-24.5333,32.9833,34.31,37,45,4.38,MZ,1675430531
242,comodoro rivadavia,-45.8667,-67.5,27.92,23,0,6.17,AR,1675430529
243,ebetsu,43.1081,141.5506,-8.95,90,85,1.89,JP,1675430534
244,san cristobal,7.7669,-72.225,18.1,49,32,2.52,VE,1675430536
245,husavik,66.0449,-17.3389,0.59,86,100,5.4,IS,1675430539
246,kieta,-6.2167,155.6333,26.78,83,100,2.01,PG,1675430543
247,bukene,-4.2333,32.8833,24.64,64,100,3.0,TZ,1675430549
248,bambous virieux,-20.3428,57.7575,28.14,78,75,5.14,MU,1675430550
249,kirakira,-10.4544,161.9205,26.47,85,36,2.4,SB,1675430550
250,flinders,-34.5833,150.8552,19.1,48,0,2.6,AU,1675430551
251,victoria,22.2855,114.1577,19.1,81,17,4.47,HK,1675430552
252,saint anthony,45.0205,-93.218,-23.97,61,20,2.06,US,1675430553
253,iguape,-24.7081,-47.5553,26.99,69,100,4.5,BR,1675430553
254,margherita,27.2833,95.6833,19.25,37,3,1.63,IN,1675430553
255,saint-pierre,-21.3393,55.4781,27.82,78,72,11.32,RE,1675430554
256,mabaruma,8.2,-59.7833,24.63,91,23,1.83,GY,1675430554
257,ballitoville,-29.539,31.2144,27.36,73,40,3.6,ZA,1675430555
258,ambon,-3.6954,128.1814,25.08,94,40,2.57,ID,1675430555
259,lebu,-37.6167,-73.65,18.39,68,0,8.71,CL,1675430556
260,calpulalpan,19.5833,-98.5833,4.77,89,77,2.69,MX,1675430556
261,portree,57.4129,-6.1942,9.73,97,100,5.71,GB,1675430556
262,college,64.8569,-147.8028,-14.03,81,100,0.0,US,1675430286
263,iskateley,67.6803,53.1512,-13.48,96,58,4.26,RU,1675430557
264,constitucion,-35.3333,-72.4167,20.37,60,0,3.64,CL,1675430558
265,burley,42.5357,-113.7928,-6.5,78,0,5.14,US,1675430558
266,bogorodskoye,56.55,37.8833,-0.9,93,100,4.51,RU,1675430558
267,hambantota,6.1241,81.1185,25.8,85,38,5.63,LK,1675430559
268,aklavik,68.2191,-135.0107,-27.55,92,100,0.99,CA,1675430559
269,popondetta,-8.7537,148.2534,23.93,92,100,1.21,PG,1675430559
270,alugan,12.2188,125.4808,25.95,85,90,7.17,PH,1675430560
271,bobo dioulasso,11.1771,-4.2979,34.25,8,0,3.6,BF,1675430560
272,okha,53.5739,142.9478,-26.74,98,86,4.63,RU,1675430561
273,sao miguel do araguaia,-13.275,-50.1628,27.05,77,100,1.41,BR,1675430561
274,dargaville,-35.9333,173.8833,20.05,97,100,2.31,NZ,1675430451
275,ponta do sol,32.6667,-17.1,18.35,42,55,3.4,PT,1675430562
276,banjar,-8.19,114.9675,25.4,91,100,0.88,ID,1675430562
277,werda,-25.2667,23.2833,33.02,28,63,3.2,BW,1675430563
278,shizuishan,39.2333,106.7694,-3.74,28,2,0.85,CN,1675430563
279,port keats,-14.25,129.55,28.79,81,100,5.31,AU,1675430563
280,berezovka,53.7214,25.4993,-0.58,76,100,1.85,BY,1675430564
281,port-cartier,50.0334,-66.8654,-15.88,79,10,8.17,CA,1675430564
282,kaili,-3.4626,120.2147,19.72,93,100,1.17,ID,1675430565
283,matagami,49.7502,-77.6328,-36.94,67,40,4.63,CA,1675430565
284,madang,-5.2246,145.7966,25.2,92,100,0.87,PG,1675430566
285,terrak,65.087,12.3715,-0.07,81,4,3.37,NO,1675430566
286,opuwo,-18.0607,13.84,27.43,27,84,2.34,NA,1675430493
287,cam ranh,11.9214,109.1591,24.98,83,20,3.6,VN,1675430567
288,ahipara,-35.1667,173.1667,20.42,95,100,3.17,NZ,1675430567
289,asyut,27.181,31.1837,18.1,25,0,4.9,EG,1675430568
290,bonavista,48.6499,-53.1147,-1.58,81,100,10.9,CA,1675430568
291,tawau,4.2498,117.8871,24.07,84,100,2.18,MY,1675430569
292,la crosse,43.8014,-91.2396,-20.88,59,20,4.12,US,1675430313
293,irtyshskiy,58.3333,68.1333,-14.2,96,95,1.92,RU,1675430569
294,aswan,24.0934,32.907,22.61,26,0,2.57,EG,1675430570
295,arlit,18.7369,7.3853,33.83,9,99,5.7,NE,1675430570
296,ndioum,16.5129,-14.6471,30.39,8,100,4.7,SN,1675430571
297,rorvik,64.8621,11.2373,-2.94,74,0,4.12,NO,1675430370
298,maneadero,31.7167,-116.5667,13.37,41,100,1.62,MX,1675430571
299,sambava,-14.2667,50.1667,28.35,72,8,5.31,MG,1675430572
300,akyab,20.15,92.9,22.92,59,34,6.38,MM,1675430572
301,eyrarbakki,63.863,-21.1481,3.45,90,100,14.85,IS,1675430572
302,takoradi,4.8845,-1.7554,30.49,62,6,4.5,GH,1675430141
303,sisimiut,66.9395,-53.6735,-15.93,88,100,3.52,GL,1675430573
304,karlstad,59.3793,13.5036,-2.69,74,0,5.14,SE,1675430573
305,talnakh,69.4865,88.3972,-11.36,96,100,1.96,RU,1675430574
306,goderich,43.7501,-81.7165,-11.16,78,100,10.29,CA,1675430533
307,chateaubelair,13.2833,-61.25,26.29,69,40,6.17,VC,1675430574
308,santa isabel do para,-1.2986,-48.1606,27.9,70,100,1.98,BR,1675430575
309,isla mujeres,21.2311,-86.731,24.03,80,0,2.08,MX,1675430575
310,egra,50.0796,12.3739,5.71,100,100,9.37,CZ,1675430576
311,tazovskiy,67.4667,78.7,-21.44,100,85,2.15,RU,1675430576
312,tonekabon,36.8163,50.8738,13.97,78,49,2.44,IR,1675430576
313,nouadhibou,20.931,-17.0347,22.99,28,100,5.14,MR,1675430399
314,saint-augustin,51.226,-58.6502,-5.23,96,100,9.64,CA,1675430577
315,karlskrona,56.1616,15.5866,1.25,97,100,9.58,SE,1675430577
316,sovetskiy,61.3614,63.5842,-13.25,99,99,1.58,RU,1675430578
317,grand-lahou,5.1367,-5.0242,30.45,61,6,3.4,CI,1675430578
318,bom jesus,-9.0744,-44.3586,28.71,62,99,2.33,BR,1675430579
319,champerico,14.3,-91.9167,22.3,70,6,2.93,GT,1675430579
320,klaksvik,62.2266,-6.589,4.51,90,100,7.79,FO,1675430580
321,emerald,-23.5333,148.1667,26.3,68,100,3.9,AU,1675430580
322,makakilo city,21.3469,-158.0858,21.98,83,100,1.54,US,1675430580
323,poopo,-18.3667,-66.9667,10.43,55,100,2.76,BO,1675430581
324,sioux lookout,50.1001,-91.917,-35.96,75,0,1.54,CA,1675430448
325,afyonkarahisar,38.75,30.6667,4.59,48,75,3.09,TR,1675430581
326,launceston,-41.45,147.1667,12.31,79,75,3.6,AU,1675430582
327,ixtapa,20.7,-105.2,18.46,94,0,0.0,MX,1675430584
328,port angeles,48.1181,-123.4307,7.58,88,0,1.54,US,1675430503
329,roald,62.5833,6.1333,3.52,65,20,5.14,NO,1675430586
330,minab,27.1467,57.0801,22.88,63,0,3.67,IR,1675430587
331,saint george,37.1041,-113.5841,1.33,69,0,0.0,US,1675430588
332,lavrentiya,65.5833,-171.0,-25.03,92,63,3.93,RU,1675430589
333,lasa,46.6166,10.7002,11.12,65,60,3.79,IT,1675430590
334,aljezur,37.3191,-8.8033,17.18,38,0,0.3,PT,1675430591
335,torbay,47.6666,-52.7314,-1.35,85,100,5.14,CA,1675430592
336,puerto escondido,15.85,-97.0667,22.46,83,0,3.6,MX,1675430593
337,mandalgovi,45.7625,106.2708,-10.62,47,0,4.09,MN,1675430594
338,mascote,-15.5631,-39.3025,31.18,46,0,1.16,BR,1675430595
339,yatou,37.15,122.3833,-1.15,59,0,1.2,CN,1675430597
340,meulaboh,4.1363,96.1285,25.93,80,100,1.48,ID,1675430598
341,kutum,14.2,24.6667,26.66,9,4,4.67,SD,1675430600
342,itaituba,-4.2761,-55.9836,28.09,78,40,2.57,BR,1675430601
343,pisco,-13.7,-76.2167,22.03,88,0,1.03,PE,1675430609
344,poyarkovo,49.6,128.6833,-28.08,99,40,1.28,RU,1675430610
345,havoysund,70.9963,24.6622,-3.87,65,100,1.25,NO,1675430552
346,russell,32.3502,-85.1999,8.6,87,20,4.12,US,1675430611
347,cortez,37.3489,-108.5859,-4.06,72,0,3.09,US,1675430218
348,yuncheng,35.0231,110.9928,4.78,30,91,1.48,CN,1675430612
349,bandarbeyla,9.4942,50.8122,25.32,62,6,7.68,SO,1675430612
350,half moon bay,37.4636,-122.4286,13.05,86,100,6.17,US,1675430613
351,delhi,28.6667,77.2167,20.05,52,0,1.54,IN,1675430342
352,uruacu,-14.5247,-49.1408,26.88,72,100,1.71,BR,1675430600
353,esperance,-33.8667,121.9,17.04,77,31,6.52,AU,1675430613
354,yagodnoye,62.55,149.6667,-31.7,100,99,1.53,RU,1675430614
355,kloulklubed,7.0419,134.2556,26.28,70,100,8.47,PW,1675430615
356,belyy yar,53.6039,91.3903,-21.06,92,75,1.0,RU,1675430615
357,touros,-5.1989,-35.4608,30.43,54,84,6.1,BR,1675430615
358,hasaki,35.7333,140.8333,4.56,61,100,5.62,JP,1675430616
359,dunedin,-45.8742,170.5036,16.86,91,7,0.53,NZ,1675430577
360,gorin,51.1983,136.6669,-30.43,100,33,1.27,RU,1675430616
361,nezhinka,51.7676,55.3694,-11.91,85,0,1.0,RU,1675430617
362,ketchikan,55.3422,-131.6461,4.26,93,100,0.0,US,1675430618
363,sitka,57.0531,-135.33,3.94,87,75,1.54,US,1675430618
364,borogontsy,62.6683,131.1683,-29.32,97,100,3.04,RU,1675430618
365,bauchi,10.5,10.0,34.48,11,40,4.6,NG,1675430619
366,bezhetsk,57.7851,36.6965,-0.85,97,100,2.48,RU,1675430619
367,ozinki,51.1786,49.6769,-3.97,96,100,2.21,RU,1675430620
368,vostok,46.4856,135.8833,-21.52,99,100,1.97,RU,1675430620
369,condoto,5.0935,-76.6497,23.85,95,100,0.76,CO,1675430621
370,najran,17.4924,44.1277,24.36,19,100,5.65,SA,1675430621
371,bilibino,68.0546,166.4372,-23.34,100,20,2.33,RU,1675430622
372,chicama,-7.8447,-79.1469,18.3,73,91,1.5,PE,1675430622
373,ankang,32.68,109.0172,8.52,54,9,0.74,CN,1675430622
374,belmopan,17.25,-88.7667,21.21,97,20,0.22,BZ,1675430623
375,nijar,36.9665,-2.206,14.25,51,0,3.09,ES,1675430623
376,hervey bay,-25.2986,152.8535,27.05,85,100,5.48,AU,1675430624
377,hamamatsu,34.7,137.7333,5.57,59,7,0.45,JP,1675430624
378,olafsvik,64.8945,-23.7142,1.71,97,100,13.52,IS,1675430625
379,luba,3.4568,8.5547,29.94,78,48,2.64,GQ,1675430625
380,jieshi,22.8134,115.8257,16.66,82,9,8.13,CN,1675430626
381,mwinilunga,-11.7358,24.4293,25.26,63,95,0.91,ZM,1675430626
382,anadyr,64.75,177.4833,-19.72,77,0,1.0,RU,1675430626
383,boa vista,2.8197,-60.6733,27.99,61,75,7.72,BR,1675430627
384,codrington,-38.2667,141.9667,13.08,72,78,7.4,AU,1675430627
385,buchanan,5.8808,-10.0467,29.39,67,40,4.08,LR,1675430628
386,luwuk,-0.9516,122.7875,25.39,81,100,1.4,ID,1675430628
387,abalak,58.1286,68.5944,-14.25,97,89,1.39,RU,1675430629
388,celestun,20.8667,-90.4,23.25,85,75,5.82,MX,1675430629
389,bilma,18.6853,12.9164,28.35,9,100,3.7,NE,1675430630
390,san patricio,28.017,-97.5169,6.58,91,0,4.12,US,1675430631
391,salisbury,51.0693,-1.7957,12.6,78,75,8.23,GB,1675430632
392,rosetta,31.4044,30.4164,15.3,64,98,2.99,EG,1675430632
393,ponnani,10.767,75.9252,26.62,66,93,2.11,IN,1675430633
394,alice springs,-23.7,133.8833,19.75,64,0,2.57,AU,1675430362
395,muncar,-8.4333,114.3333,24.97,89,100,1.15,ID,1675430633
396,souillac,-20.5167,57.5167,28.21,78,75,5.14,MU,1675430634
397,butterworth,5.3991,100.3638,25.03,99,40,1.03,MY,1675430634
398,dundee,56.5,-2.9667,9.73,78,75,5.14,GB,1675430635
399,tilichiki,60.4667,166.1,-20.67,94,100,4.3,RU,1675430635
400,williams lake,52.1415,-122.1445,0.76,83,75,6.17,CA,1675430635
401,srivardhan,18.0333,73.0167,25.26,61,100,4.03,IN,1675430636
402,talara,-4.5772,-81.2719,24.42,69,75,4.12,PE,1675430636
403,montrose,38.4166,-108.2673,-10.31,63,12,1.25,US,1675430597
404,cine,37.6117,28.0614,5.67,65,100,3.09,TR,1675430637
405,baijiantan,45.6333,85.1833,-9.26,93,100,1.66,CN,1675430637
406,lata,40.1629,-8.3327,17.82,38,0,0.95,PT,1675430638
407,mizdah,31.4451,12.9801,14.56,43,10,8.0,LY,1675430638
408,macas,-2.3167,-78.1167,19.86,82,20,1.03,EC,1675430639
409,collie,-33.3667,116.15,22.02,35,100,2.68,AU,1675430639
410,loding,67.3,14.75,-4.64,61,0,7.72,NO,1675430639
411,pulawy,51.4166,21.9694,2.06,75,100,2.24,PL,1675430640
412,elizabeth city,36.2946,-76.2511,7.01,85,20,5.14,US,1675430097
413,santa rosa,14.3122,121.1114,27.28,78,81,5.47,PH,1675430640
414,kangaatsiaq,68.3065,-53.4641,-14.35,95,100,1.54,GL,1675430641
415,baykit,61.67,96.37,-21.44,100,95,1.39,RU,1675430641
416,taoudenni,22.6783,-3.9836,18.55,15,100,7.33,ML,1675430643
417,porbandar,21.6422,69.6093,25.29,37,5,3.63,IN,1675430645
418,bathsheba,13.2167,-59.5167,27.34,65,40,9.26,BB,1675430647
419,horsens,55.8607,9.8503,7.37,85,100,10.67,DK,1675430648
420,peleduy,59.6289,112.7406,-12.87,94,100,2.86,RU,1675430651
421,marsh harbour,26.5412,-77.0636,23.63,77,0,5.4,BS,1675430654
422,salalah,17.0151,54.0924,25.05,61,0,3.09,OM,1675430656
423,lensk,60.7253,114.9278,-15.88,95,100,3.43,RU,1675430434
424,thongwa,16.7619,96.5278,28.09,56,4,3.23,MM,1675430661
425,edd,13.9297,41.6925,26.16,76,100,5.75,ER,1675430664
426,edea,3.8,10.1333,38.25,29,64,1.31,CM,1675430667
427,kayes,14.0,-11.0,33.28,7,11,3.21,ML,1675430670
428,gamba,-2.65,10.0,29.1,74,54,4.07,GA,1675430671
429,yurty,56.0498,97.6348,-15.75,99,100,1.29,RU,1675430671
430,fallanden,47.3717,8.6387,9.64,62,40,5.14,CH,1675430672
431,vila do maio,15.1333,-23.2167,26.44,73,82,7.96,CV,1675430673
432,knysna,-34.0363,23.0471,24.37,62,9,4.21,ZA,1675430673
433,merritt island,28.5392,-80.672,21.16,84,0,5.81,US,1675430627
434,bentiu,9.2333,29.8333,35.55,7,64,3.69,SS,1675430674
435,beihai,21.4833,109.1,18.7,90,100,6.05,CN,1675430674
436,dicabisagan,17.0818,122.4157,23.83,85,97,3.01,PH,1675430675
437,kankon,15.0167,74.0167,27.08,58,100,4.74,IN,1675430675
438,kamaishi,39.2667,141.8833,-2.25,68,100,2.8,JP,1675430676
439,khingansk,49.1167,131.1833,-26.94,100,35,0.42,RU,1675430676
440,oksfjord,70.2396,22.3479,-3.9,84,13,3.03,NO,1675430677
441,porkhov,57.765,29.5561,-3.15,89,100,2.36,RU,1675430677
442,papagaios,-19.4492,-44.7478,25.73,68,62,3.09,BR,1675430677
443,kwinana,-32.25,115.7667,29.54,31,100,4.45,AU,1675430678
444,limoux,42.9167,2.1667,11.5,46,14,3.92,FR,1675430678
445,plettenberg bay,-34.0527,23.3716,21.99,69,26,4.05,ZA,1675430679
446,broken hill,-31.95,141.4333,15.31,45,5,6.31,AU,1675430679
447,saryozek,44.3583,77.9753,0.97,96,100,1.51,KZ,1675430680
448,zhigalovo,54.8097,105.1578,-11.81,98,100,1.5,RU,1675430680
449,uhlove,44.8215,33.6045,6.68,72,87,4.25,UA,1675430681
450,mushie,-3.0167,16.9,34.29,39,45,2.27,CD,1675430681
451,tyler,32.3513,-95.3011,3.03,95,100,3.09,US,1675430682
452,tagusao,9.1924,117.8141,26.0,85,99,3.07,PH,1675430683
453,coihueco,-36.6167,-71.8333,20.41,52,0,3.6,CL,1675430683
454,fuente de oro,3.4594,-73.6128,26.2,42,100,2.26,CO,1675430684
455,araguacu,-12.9306,-49.8264,27.12,81,67,1.84,BR,1675430684
456,andenes,69.3143,16.1194,-3.37,79,0,5.14,NO,1675430510
457,lorengau,-2.0226,147.2712,27.66,72,100,0.89,PG,1675430685
458,mackay,-21.15,149.2,25.93,84,100,2.78,AU,1675430685
459,sao francisco do sul,-26.2433,-48.6381,26.95,89,40,2.57,BR,1675430686
460,banfora,10.6333,-4.7667,36.23,8,5,3.31,BF,1675430686
461,sorong,-0.8833,131.25,26.81,81,100,5.63,ID,1675430686
462,talas,38.6908,35.5538,2.37,48,40,2.06,TR,1675430687
463,umm lajj,25.0213,37.2685,23.18,33,0,4.98,SA,1675430687
464,kalabo,-14.97,22.6814,29.88,45,80,2.05,ZM,1675430688
465,churapcha,62.0025,132.4325,-29.33,99,99,2.47,RU,1675430688
466,suraabad,40.8192,49.4687,5.55,72,100,4.33,AZ,1675430689
467,union city,37.5958,-122.0192,13.52,61,100,4.12,US,1675430650
468,puerto el triunfo,13.2833,-88.55,27.51,63,2,2.59,SV,1675430689
469,chakia,26.4167,85.05,17.88,46,6,4.02,IN,1675430690
470,soc trang,9.6033,105.98,25.23,77,37,5.88,VN,1675430690
471,pinawa,50.1489,-95.8811,-27.37,93,100,1.85,CA,1675430690
472,kudahuvadhoo,2.6708,72.8944,26.65,70,100,6.8,MV,1675430691
473,aksu,41.1231,80.2644,-5.3,81,1,1.23,CN,1675430691
474,linjiang,41.8069,126.9078,-17.67,96,24,0.32,CN,1675430692
475,inhambane,-23.865,35.3833,31.99,51,40,4.12,MZ,1675430692
476,pasighat,28.0667,95.3333,19.33,34,1,2.17,IN,1675430692
477,camacha,33.0833,-16.3333,15.68,48,20,5.14,PT,1675430693
478,ghanzi,-21.5667,21.7833,30.23,41,61,4.57,BW,1675430693
479,gimli,50.6336,-96.9907,-26.99,69,100,4.63,CA,1675430694
480,atar,20.5169,-13.0499,24.73,9,100,5.84,MR,1675430694
481,omsukchan,62.5333,155.8,-30.43,100,100,1.83,RU,1675430694
482,marzuq,14.4,46.4667,28.43,15,5,3.68,YE,1675430695
483,juegang,32.3174,121.1855,3.84,68,100,2.85,CN,1675430695
484,tabas,33.5959,56.9244,16.12,33,0,2.06,IR,1675430696
485,kautokeino,69.0125,23.0412,-19.35,100,100,1.31,NO,1675430696
486,garowe,8.4054,48.4845,32.35,16,5,6.79,SO,1675430697
487,metro,-5.1131,105.3067,25.06,90,100,2.26,ID,1675430697
488,shenjiamen,29.9576,122.298,6.87,64,100,3.01,CN,1675430698
489,meadow lake,34.8014,-106.5436,2.85,52,0,1.32,US,1675430698
490,novo aripuana,-5.1206,-60.3797,25.47,92,29,1.64,BR,1675430698
491,oshkosh,44.0247,-88.5426,-21.68,68,0,4.12,US,1675430699
492,margate,51.3813,1.3862,13.28,73,92,3.58,GB,1675430700
493,korem,12.5058,39.5228,18.27,40,100,4.29,ET,1675430700
494,san juan de los morros,9.9115,-67.3538,24.4,53,4,1.5,VE,1675430701
495,pratapgarh,24.0333,74.7833,20.68,23,5,2.16,IN,1675430701
496,bakchar,57.0186,82.0711,-13.94,98,100,0.18,RU,1675430703
497,luganville,-15.5333,167.1667,26.62,84,32,0.92,VU,1675430705
498,berezovyy,51.6667,135.7,-28.03,97,6,1.67,RU,1675430708
499,verkhnyaya sinyachikha,57.976,61.6673,-9.49,97,94,1.61,RU,1675430709
500,verkhoyansk,67.5447,133.385,-36.73,99,99,0.82,RU,1675430710
501,kothapet,19.3333,79.4833,25.13,16,10,2.28,IN,1675430711
502,sirajganj,24.45,89.7167,18.91,61,8,1.92,BD,1675430713
503,khromtau,50.2503,58.4347,-14.4,95,5,3.96,KZ,1675430715
504,volgorechensk,57.4393,41.1555,-2.52,96,100,3.89,RU,1675430719
505,ewa beach,21.3156,-158.0072,22.77,84,20,1.54,US,1675430719
506,taywarah,33.35,64.4167,-2.79,92,63,1.65,AF,1675430721
507,san agustin,20.5333,-103.4667,12.51,54,0,1.54,MX,1675430726
508,nishihara,26.1842,127.7558,16.6,75,100,6.17,JP,1675430731
509,piet retief,-27.0071,30.8132,23.41,71,13,2.26,ZA,1675430731
510,nieuw nickerie,5.95,-56.9833,25.06,84,14,2.59,SR,1675430732
511,babati,-4.2167,35.75,29.58,32,100,5.87,TZ,1675430732
512,salym,60.0625,71.4789,-16.03,99,93,1.6,RU,1675430733
513,ranfurly,-45.1333,170.1,19.5,74,50,1.34,NZ,1675430733
514,naze,28.3667,129.4833,14.51,71,100,5.68,JP,1675430734
515,komsomolskiy,40.4272,71.7189,6.4,87,100,3.09,UZ,1675430734
516,labuhan,-6.8844,112.2051,26.14,83,100,1.64,ID,1675430735
517,leninsk,48.7119,45.1994,-1.02,92,100,1.45,RU,1675430735
518,necochea,-38.5473,-58.7368,21.94,57,4,5.3,AR,1675430736
519,khash,28.2211,61.2158,17.33,43,4,5.36,IR,1675430736
520,amapa,1.0,-52.0,23.93,90,100,1.77,BR,1675430737
521,astara,38.5,48.6667,7.99,74,69,0.4,AZ,1675430737
522,lincoln,40.8,-96.667,-14.91,76,0,2.57,US,1675430504
523,karatuzskoye,53.6072,92.8667,-20.49,99,94,0.66,RU,1675430738
524,mehamn,71.0357,27.8492,-1.05,80,100,3.6,NO,1675430738
525,vazante,-17.9869,-46.9078,25.65,66,34,2.37,BR,1675430739
526,kosa,59.9445,54.9977,-6.1,95,100,2.69,RU,1675430739
527,chum phae,16.5443,102.0992,26.85,59,65,0.89,TH,1675430739
528,kaspiysk,42.8816,47.6392,4.1,75,100,4.02,RU,1675430740
529,bontang,0.1333,117.5,25.58,84,49,1.64,ID,1675430740
530,alofi,-19.0595,-169.9187,23.94,100,100,4.63,NU,1675430741
531,nsoko,-27.0333,31.95,31.59,50,62,3.04,SZ,1675430736
532,malpe,13.35,74.7167,29.61,64,0,3.04,IN,1675430741
533,sur,22.5667,59.5289,23.3,55,0,2.74,OM,1675430742
534,maniitsoq,65.4167,-52.9,-15.85,87,100,3.42,GL,1675430742
535,conde,-7.2597,-34.9075,30.7,58,75,6.69,BR,1675430743
536,homer,59.6425,-151.5483,-1.07,86,100,1.54,US,1675430743
537,olinda,-8.0089,-34.8553,28.85,61,40,4.63,BR,1675430744
538,le port,-20.9373,55.2919,28.0,80,75,1.5,RE,1675430744
539,hamilton,39.1834,-84.5333,-6.44,70,0,5.14,US,1675430529
540,havelock,34.8791,-76.9013,7.97,85,100,4.12,US,1675430745
541,udachnyy,66.4167,112.4,-30.31,82,99,1.56,RU,1675430745
542,valdemarpils,57.3707,22.5919,0.14,60,98,1.23,LV,1675430745
543,byumba,-1.5763,30.0675,17.11,48,90,2.42,RW,1675430746
544,oxapampa,-10.5775,-75.4017,16.51,94,100,0.63,PE,1675430746
545,eyl,7.9803,49.8164,26.64,56,6,10.17,SO,1675430747
546,ardmore,34.1743,-97.1436,-1.1,83,0,2.57,US,1675430325
547,aguimes,27.9054,-15.4461,17.35,59,20,2.57,ES,1675430747
548,mayumba,-3.432,10.6554,28.86,79,17,5.41,GA,1675430748
549,port lincoln,-34.7333,135.8667,15.19,66,3,5.78,AU,1675430748
550,athabasca,54.7169,-113.2854,-14.77,93,100,2.16,CA,1675430749
551,ulladulla,-35.35,150.4667,14.93,48,0,3.86,AU,1675430749
552,villazon,-22.0866,-65.5942,11.13,60,93,0.56,BO,1675430750
553,varhaug,58.6147,5.6457,6.55,89,100,7.73,NO,1675430750
554,teknaf,20.8624,92.3058,20.54,53,5,5.23,BD,1675430751
555,lilongwe,-13.9669,33.7873,24.11,64,40,3.6,MW,1675430751
556,prieska,-29.6641,22.7474,36.56,9,0,5.17,ZA,1675430752
557,tobias barreto,-11.1839,-37.9983,31.36,49,52,3.76,BR,1675430752
558,orsta,62.2029,6.1272,3.21,86,0,0.0,NO,1675430534
559,sayat,38.7839,63.8803,10.93,84,7,2.89,TM,1675430753
560,xingyi,24.1877,102.817,10.08,90,49,2.24,CN,1675430753
561,balsas,-7.5325,-46.0356,28.49,64,43,1.76,BR,1675430753
562,togur,58.3631,82.8265,-12.76,98,100,0.61,RU,1675430754
563,the valley,18.217,-63.0578,27.28,73,20,6.69,AI,1675430754
564,svetlyy,54.675,20.1347,0.54,70,100,5.49,RU,1675430755
565,same,-4.0667,37.7333,32.86,30,63,4.32,TZ,1675430755
566,pacifica,37.6138,-122.4869,12.7,88,100,6.17,US,1675430659
567,iquitos,-3.7481,-73.2472,25.02,94,75,1.54,PE,1675430756
568,vila,42.0304,-8.1588,10.94,47,0,0.98,PT,1675430038
569,iwanai,42.9744,140.5089,-5.12,84,100,4.35,JP,1675430757
570,maceio,-9.6658,-35.7353,30.69,62,75,6.69,BR,1675430757
571,sattahip,12.6664,100.9007,27.05,89,20,2.06,TH,1675430758
572,palauig,15.435,119.9045,26.02,80,99,2.09,PH,1675430758
573,kalininsk,51.5,44.4758,-2.18,87,100,2.04,RU,1675430758
574,balibago,15.1624,120.5954,27.29,61,75,2.06,PH,1675430759
575,huarmey,-10.0681,-78.1522,21.92,84,100,2.8,PE,1675430760
576,soure,-0.7167,-48.5233,27.48,76,99,4.15,BR,1675430760
577,ambilobe,-13.2,49.05,29.19,69,20,2.84,MG,1675430760
578,nanpara,27.8667,81.5,17.0,48,0,4.01,IN,1675430516
